{
    "default": {
        "buildings": [
            {
                "ID": "Building 0",
                "vertices": [
                    [
                        0.475528,
                        0.154508,
                        1.2
                    ],
                    [
                        0.0,
                        0.5,
                        1.2
                    ],
                    [
                        -0.475528,
                        0.154508,
                        1.2
                    ],
                    [
                        -0.293892,
                        -0.404508,
                        1.2
                    ],
                    [
                        0.293892,
                        -0.404508,
                        1.2
                    ]
                ]
            }
        ],
        "vehicles": [
            {
                "ID": "V1",
                "position": [
                    -3.0,
                    0.0001,
                    0.5
                ],
                "goal": [
                    3.0,
                    0.0,
                    0.5
                ],
                "source_strength": 0.5,
                "imag_source_strength": 0.5,
                "sink_strength": 5,
                "safety": 0.0001
            }
        ]
    },
    "my_case": {
        "buildings": [
            {
                "ID": "Building 0",
                "vertices": [
                    [
                        1.806451,
                        -3.193548,
                        1.2
                    ],
                    [
                        1.798387,
                        -0.790322,
                        1.2
                    ],
                    [
                        -1.056451,
                        -0.814516,
                        1.2
                    ],
                    [
                        -1.056451,
                        -3.274193,
                        1.2
                    ]
                ]
            }
        ],
        "vehicles": [
            {
                "ID": "V0",
                "position": [
                    -2.064516129032259,
                    -2.008064516129032,
                    0.5
                ],
                "goal": [
                    2.951612903225806,
                    -2.008064516129032,
                    0.5
                ],
                "source_strength": 1,
                "imag_source_strength": 0.5,
                "sink_strength": 5,
                "safety": null
            }
        ]
    },
    "Test Case": {
        "buildings": [
            {
                "ID": "Building 0",
                "vertices": [
                    [
                        2.73387,
                        -0.862903,
                        1.2
                    ],
                    [
                        3.153225,
                        0.903225,
                        1.2
                    ],
                    [
                        0.838709,
                        2.177419,
                        1.2
                    ],
                    [
                        -0.806451,
                        2.580645,
                        1.2
                    ],
                    [
                        -1.193548,
                        -1.185483,
                        1.2
                    ]
                ]
            }
        ],
        "vehicles": [
            {
                "ID": "V0",
                "position": [
                    -1.814516129032259,
                    0.846774193548387,
                    0.5
                ],
                "goal": [
                    1.07258064516129,
                    -1.677419354838709,
                    0.5
                ],
                "source_strength": 1,
                "imag_source_strength": 0.5,
                "sink_strength": 5,
                "safety": null
            },
            {
                "ID": "V1",
                "position": [
                    -2.03225806451613,
                    -2.443548387096774,
                    0.5
                ],
                "goal": [
                    3.39516129032258,
                    2.67741935483871,
                    0.5
                ],
                "source_strength": 1,
                "imag_source_strength": 0.5,
                "sink_strength": 5,
                "safety": null
            }
        ]
    }
}