{
    "default": {
        "buildings": [
            {
                "ID": "Building 0",
                "vertices": [
                    [
                        0.475528,
                        0.154508,
                        1.2
                    ],
                    [
                        0.0,
                        0.5,
                        1.2
                    ],
                    [
                        -0.475528,
                        0.154508,
                        1.2
                    ],
                    [
                        -0.293892,
                        -0.404508,
                        1.2
                    ],
                    [
                        0.293892,
                        -0.404508,
                        1.2
                    ]
                ]
            }
        ],
        "vehicles": [
            {
                "ID": "V1",
                "position": [
                    -3.0,
                    0.0001,
                    0.5
                ],
                "goal": [
                    3.0,
                    0.0,
                    0.5
                ],
                "source_strength": 0.5,
                "imag_source_strength": 0.5,
                "sink_strength": 5,
                "safety": 0.0001
            }
        ]
    },
    "my_case": {
        "buildings": [],
        "vehicles": [
            {
                "ID": "V0",
                "position": [
                    -2.9032258064516134,
                    -0.75,
                    0.5
                ],
                "goal": [
                    0.5645161290322571,
                    0.7903225806451619,
                    0.5
                ],
                "source_strength": 1,
                "imag_source_strength": 0.5,
                "sink_strength": 5,
                "safety": null
            }
        ]
    },
    "Test Case": {
        "buildings": [
            {
                "ID": "Building 0",
                "vertices": [
                    [
                        1.612903,
                        -2.104838,
                        1.2
                    ],
                    [
                        1.241935,
                        -1.629032,
                        1.2
                    ],
                    [
                        0.596774,
                        -4.967741,
                        1.2
                    ],
                    [
                        1.564516,
                        -4.967741,
                        1.2
                    ]
                ]
            },
            {
                "ID": "Building 1",
                "vertices": [
                    [
                        2.620967,
                        1.41129,
                        1.2
                    ],
                    [
                        -1.298387,
                        4.814516,
                        1.2
                    ],
                    [
                        -3.16129,
                        4.814516,
                        1.2
                    ],
                    [
                        -1.612903,
                        -2.766129,
                        1.2
                    ]
                ]
            }
        ],
        "vehicles": [
            {
                "ID": "V0",
                "position": [
                    -2.701612903225807,
                    -1.935483870967742,
                    0.5
                ],
                "goal": [
                    2.32258064516129,
                    -2.443548387096774,
                    0.5
                ],
                "source_strength": 1,
                "imag_source_strength": 0.5,
                "sink_strength": 5,
                "safety": null
            }
        ]
    }
}